        Runtime,                     Inputfile,                                                                                                                                                           Executable
7.757852727272728e+00,     ToroExplosionLevelset,      ALPACA_2D_16_4_NavierStokes_RK3_FluxSplitting_GlobalLaxFriedrichs_Hllc_Einfeldt_Characteristic_WENOAO53_HOUC5_ReconstructionStencil_Min_TwoRarefaction_Fedkiw
6.8571763636363645e+00,     ToroExplosionLevelset,                          ALPACA_2D_16_4_NavierStokes_RK3_FluxSplitting_Roe_Hllc_Einfeldt_Characteristic_WENO5_HOUC5_HjReconstructionStencil_Weno_Linearized_Fedkiw
7.749458181818182e+00,     ToroExplosionLevelset,          ALPACA_2D_16_4_NavierStokes_RK3_FluxSplitting_LocalLaxFriedrichs_Hllc_Einfeldt_Characteristic_WENOAO53_HOUC5_ReconstructionStencil_Weno_Linearized_Fedkiw
6.555966363636364e+00,     ToroExplosionLevelset,                                  ALPACA_2D_16_4_NavierStokes_RK3_FiniteVolume_Roe_Hllc_Einfeldt_Characteristic_WENO5_HOUC5_HjReconstructionStencil_Min_Hllc_Fedkiw
7.237181818181818e+00,     ToroImplosionLevelset,      ALPACA_2D_16_4_NavierStokes_RK3_FluxSplitting_GlobalLaxFriedrichs_Hllc_Einfeldt_Characteristic_WENOAO53_HOUC5_ReconstructionStencil_Min_TwoRarefaction_Fedkiw
6.189229090909091e+00,     ToroImplosionLevelset,                          ALPACA_2D_16_4_NavierStokes_RK3_FluxSplitting_Roe_Hllc_Einfeldt_Characteristic_WENO5_HOUC5_HjReconstructionStencil_Weno_Linearized_Fedkiw
7.621439090909091e+00,     ToroImplosionLevelset,          ALPACA_2D_16_4_NavierStokes_RK3_FluxSplitting_LocalLaxFriedrichs_Hllc_Einfeldt_Characteristic_WENOAO53_HOUC5_ReconstructionStencil_Weno_Linearized_Fedkiw
6.0471390909090905e+00,     ToroImplosionLevelset,                                  ALPACA_2D_16_4_NavierStokes_RK3_FiniteVolume_Roe_Hllc_Einfeldt_Characteristic_WENO5_HOUC5_HjReconstructionStencil_Min_Hllc_Fedkiw
1.837424545454546e+02,                 Carbuncle,                        ALPACA_2D_16_4_NavierStokes_RK3_FiniteVolume_Roe_Hllc_LM_Einfeldt_Characteristic_WENO5_HOUC5_HjReconstructionStencil_Weno_Linearized_Fedkiw
